投稿日,作品タイトル,カテゴリー,
2025-09-10 20:10:00,前世で告白できなかった幼馴染に、今度こそ想いを伝えたくて転生したら、もう一人の転生者がライバルだった件,現実世界[恋愛],"前世で告白できなかった幼馴染に、今度こそ想いを伝えたくて転生したら、もう一人の転生者がライバルだった件



俺の名前は高橋悠太。十八歳の大学一年生だ。



でも、それは表向きの話。



本当の俺は、三十五歳で病気で死んだ田中一郎だった。

平凡なサラリーマンとして、何の成果も残せずに人生を終えた男。



気がつくと、俺は十八歳の高橋悠太として、大学入学を控えた春にいた。



最初は混乱した。

でも、前世の記憶がはっきりと残っている以上、これは紛れもない転生だった。



「今度こそ......」



俺は鏡に映る若い自分の顔を見つめた。



前世で最も後悔していることがある。

幼馴染の桜庭花音に、結局告白できなかったことだ。



花音は俺と同じ高校を卒業し、同じ大学に進学する予定だった。

前世では、大学三年の時に先輩と付き合い始めて、そのまま結婚した。



俺は最後まで、自分の気持ちを伝えられなかった。



「今度は違う」



俺は決意を固めた。今度こそ、花音に告白する。

そして、前世ではできなかった成功も手に入れる。



幸い、俺には三十五歳分の人生経験と、未来十数年間の知識がある。



株価の変動、IT業界の動向、流行る商品やサービス......。

全て頭に入っている。



「まずは資金作りからだ」



俺は前世の記憶を頼りに、これから急騰する株を調べた。

確か、来月に画期的な新薬の発表があって、その製薬会社の株価が三倍になったはずだ。



親から渡されたお小遣いやバイト代を全て投資に回した。



結果は完璧だった。一ヶ月で資金が三倍になった。



「よし、これで軍資金は確保できた」



次に俺が狙ったのは、IT関連の知識だった。

前世で流行ったプログラミング言語や、アプリ開発の手法を先取りで学習した。



大学でも、前世の経験があるため、授業は楽々だった。

教授の質問にも的確に答えられるし、レポートも大学院レベルのものが書けた。



「神崎くん、すごいですね」



同級生たちが俺を見る目が変わっていった。



「まだ一年生なのに、もう三年生レベル以上の知識がある」



「投資とかでも成功してるらしいって」



俺は内心で笑っていた。当たり前だ。

俺には三十五年分の人生経験があるんだから。



そして、入学から一ヶ月後、ついに花音と再会した。



「蒼真！」



図書館で勉強していると、懐かしい声が聞こえた。

振り返ると、花音が笑顔で手を振っていた。



「花音、久しぶり」



「本当に久しぶり！同じ大学だなんて、すごい偶然だね」



彼女は前世と全く変わらず、明るくて可愛かった。

長い黒髪、大きな瞳、人懐っこい笑顔。



前世では、この笑顔を他の男に奪われた。



「今度こそ......」



俺は心の中で誓った。



「蒼真、なんだか雰囲気変わったね」



花音が首を傾げた。



「前より大人っぽいっていうか......」



「そうかな？」



「うん。高校の時より、ずっとかっこよくなってる」



俺の心臓がドキドキした。

前世では、こんな風に褒められたことはなかった。



「花音も可愛くなったね」



「えっ？」



花音が顔を赤らめた。



「な、何それ、急に......」



前世では絶対に言えなかった言葉だった。

でも、三十五年の人生経験があれば、これくらいは言える。



「今度、良かったら一緒に映画でも見ない？」



「映画？」



「ああ。話題の映画があるんだ」



俺は前世の知識で、今年大ヒットする映画を知っていた。



「いいね！行こう」



花音が嬉しそうに答えた。

順調だった。前世とは大違いだ。



でも、その時俺は知らなかった。

誰かが、俺たちの会話を遠くから見ていることを。



映画デートは大成功だった。

花音は終始楽しそうで、帰り道も俺と手を繋いで歩いてくれた。



「今日はありがとう、蒼真」



「こちらこそ。また今度、どこか行こうか」



「うん！」



花音の笑顔を見ていると、前世の後悔が少しずつ癒されていく気がした。



大学でも順調だった。

投資で得た資金を元手に、IT関連のスタートアップに出資したり、

プログラミングの個人授業で稼いだりして、着実に成果を積み重ねていた。



「神崎くん、すごいですね」

経済学部の教授が俺のレポートを絶賛していた。



「まだ一年生なのに、この分析力は大学院生レベルです」

周りの学生たちも、俺を尊敬の眼差しで見ていた。



全てが順調だった。



でも、ある日、違和感を覚えることがあった。



「え？あの株、もう上がってるの？」



俺が次に狙っていた株が、予定より早く値上がりしていた。



「おかしいな......」



前世の記憶では、その株が上がるのは来月のはずだった。

でも、もっと驚いたのは、学内の掲示板に貼られていた一枚のポスターだった。



「新規ベンチャー企業設立説明会　発起人：黒羽涼介（経済学部二年）」

ポスターには、俺が来年立ち上げる予定だったビジネスプランと全く同じ内容が書かれていた。



「まさか......」



俺は急いで説明会の会場に向かった。



大教室には多くの学生が集まっていた。

そして、壇上には一人の男子学生が立っていた。



黒羽涼介。二年生らしく、落ち着いた雰囲気を持つ男性だった。



「皆さん、ありがとうございます。

私が提案するのは、学生向けのマッチングアプリです」



俺は愕然とした。それは確実に、俺が前世の知識で考えていたビジネスプランだった。



「このアプリは、単なる出会い系ではありません。

学習グループの形成、研究プロジェクトの仲間探し、就職活動の情報共有など......」

説明は完璧だった。まるで俺の頭の中を読んだかのように。



「質問はありませんか？」



一人の学生が手を上げた。



「黒羽先輩、なぜこのビジネスプランを思いついたんですか？」



黒羽は急に俺の方を見てから微笑んだ。



「未来が見えたからです」

まるで、俺が転生者だとわかっていると伝えているのかのように。



説明会の後、俺は黒羽に話しかけた。



「黒羽先輩、すごいプレゼンでしたね」



「ありがとうございます。神崎くんでしたっけ？」



「はい。一年の神崎蒼真です」



黒羽が俺をじっと見つめた。

その目には、何か探るような光があった。



「神崎くん、最近投資で成功してるって聞きましたが」



「少しだけ......」



「どの銘柄ですか？参考までに聞かせてください」



俺は慎重に答えた。



「バイオテック関連です」



「ああ、例の新薬発表の件ですね」



俺の心臓が止まりそうになった。

その新薬発表は、まだ一般には知られていないはずだった。



「先輩も投資してるんですか？」



「ええ。未来を読むのが得意なもので」

黒羽が意味深に笑った。



「神崎くん、今度時間がある時に、投資談義でもしませんか？」



「はい......ぜひ」



俺は嫌な予感がしていた。

もしかして、黒羽も......転生者なのか？



その夜、俺は黒羽について調べてみた。

経済学部二年生、優秀な成績、複数のサークルに所属、すでにいくつかの投資で成功している......。



そして、決定的な情報を見つけた。

黒羽の出身高校と出身地を調べると、前世の俺が住んでいた街と隣の市だった。

そして、黒羽の年齢を逆算すると......。



「前世では四十歳......」



俺より年上の転生者の可能性がある。

しかも、調べてみると、黒羽は花音と同じサークルに所属していることがわかった。



「まずい......」



前世では、花音が付き合ったのは「大学の先輩」だった。

もしかして、それが黒羽なのか？



俺は焦りを感じた。相手が転生者なら、俺と同じように未来の知識を持っている。

しかも、前世では俺より成功していた人物かもしれない。



「負けるものか」



俺は決意を固めた。

俺は今度こそ、花音を守る。



翌日、俺は黒羽からメールを受け取った。



「神崎くん、今日の午後、時間ありますか？投資の話をしたいのですが」



俺は返信した。



「大丈夫です。どちらで会いましょうか？」



「学内のカフェで。3時はどうでしょう？」



約束の時間に、俺は学内カフェに向かった。

黒羽はすでに席についていて、ブラックコーヒーを飲んでいた。



「お疲れさまです、神崎くん」



「お疲れさまです、黒羽先輩」



俺は向かいの席に座った。



「早速ですが、神崎くんはどうやって投資銘柄を選んでるんですか？」



「情報収集と分析です」



「具体的には？」



黒羽の質問は鋭かった。まるで俺の手の内を探るような......。



「業界の動向を調べたり、企業の財務状況を分析したり......」



「なるほど。でも、神崎くんの投資判断は、分析だけでは説明できないレベルですね」



俺は警戒した。



「どういう意味ですか？」



「まるで未来を知ってるかのような正確さです」



黒羽がじっと俺を見つめた。



「もしかして、神崎くんも......」



「何ですか？」



「いえ、失礼しました。考えすぎでした」



黒羽が話題を変えた。



「ところで、神崎くんは桜庭さんと仲がいいようですね」



俺の血が凍った。



「桜庭さん？」



「桜庭花音さんです。同じサークルなんですよ」



「そうなんですか」



「可愛い子ですよね。僕も少し興味があるんです」



黒羽の言葉に、俺は拳を握った。



「そうですか......」



「神崎くんは彼女とどういう関係なんですか？」



「幼馴染です」



「幼馴染......いいですね。でも、幼馴染って案外恋愛に発展しないものって言いますよね」



黒羽が微笑んだ。

その笑みには、何か計算高いものがあった。



「僕は、積極的にアプローチする方が好きなんです」



「そうですか」



俺は冷静を装ったが、内心では警戒警報が鳴り響いていた。



「それでは、今日はこのあたりで」



黒羽が席を立った。



「今度また、お話ししましょう」



黒羽が去った後、俺は一人でコーヒーを飲みながら考えた。



今回で確信した。黒羽は確実に転生者だ。

そして、花音を狙っている。



前世での俺の失敗を、黒羽は知っているかもしれない。



「負けない」



俺は決意を固めた。

その日の夕方、俺は花音に連絡した。



「花音、今度の土曜日、時間ある？」



「うん、大丈夫。どうしたの？」



「一緒に遊園地に行かない？」



「遊園地？」



「新しくオープンしたテーマパークがあるんだ」



俺は前世の知識で、大人気になるテーマパークを知っていた。



「いいね！行きたい」



「じゃあ、土曜日の朝、迎えに行くよ」



「ありがとう、蒼真」



花音の嬉しそうな声を聞いて、俺は安堵した。



でも、その時俺は知らなかった。



土曜日の朝、俺は花音を迎えに行った。



「おはよう、蒼真」



花音は可愛いワンピースを着ていた。



「おはよう。すごく可愛いね」



「ありがとう」



花音が顔を赤らめた。



テーマパークまでの道のりは楽しかった。

花音とたくさん話して、前世では味わえなかった幸せを感じていた。



でも、テーマパークに着いた時、俺は愕然とした。

入り口の近くに、黒羽が立っていた。



「あ、神崎くん！」



黒羽が俺たちに気づいて、手を振ってきた。



「偶然ですね」



「黒羽先輩......」



俺は内心で舌打ちしていた。偶然なわけがない。



「桜庭さんもいらっしゃるんですね」



黒羽が花音に笑顔を向けた。



「こんにちは、黒羽先輩」



花音が礼儀正しく挨拶した。



「僕も一人で来たんです。もしよろしければ、一緒に回りませんか？」



俺は断ろうとしたが、花音が先に答えた。



「いいですね。三人の方が楽しそう」



「ありがとうございます」



黒羽が満足そうに微笑んだ。



その日は、最悪の3人でのデートになった。

いや、ほとんど俺はいないのと同じだった。

黒羽は常に花音の隣にいて、俺よりも面白い話をして、花音を笑わせていた。



「黒羽先輩って面白いですね」



花音が楽しそうに言った。



「高校時代から、人を笑わせるのが得意だったんです」



黒羽が答えた。



「高校時代......」



俺は気になった。

黒羽の前世の年齢を考えると、高校時代の話は嘘になる。



でも、花音は黒羽の話を信じていた。



「蒼真も高校時代は面白かったよね」



花音が俺に振ってくれた。



「そうだね」



俺は短く答えるしかなかった。

黒羽の饒舌さに圧倒されていた。



夕方、別れ際に黒羽が言った。



「今度は僕が花音さんを誘ってもいいですか？」



「え？」



花音が驚いた。



「もちろん、神崎くんも一緒にです」



俺は歯噛みした。

完全に主導権を握られている。



「それでは、また連絡します」



黒羽が去った後、花音が言った。



「黒羽先輩、素敵な人ですね」



俺の心に、暗い雲がかかった。



その週から、黒羽の攻勢が激しくなった。

花音を映画に誘ったり、勉強を教えたり、サークル活動でも常に花音の近くにいた。



そして、俺が最も恐れていたことが起きた。



「蒼真、相談があるの」

花音が俺を呼び出した。



「どうしたの？」



「実は......黒羽先輩に告白されちゃった」



俺の世界が崩れ落ちた。



「そうなんだ......」



「どうしよう、蒼真。私、どう答えればいいのかわからない」

花音が困った顔をしていた。



「花音はどう思ってるの？」



「黒羽先輩は素敵な人だと思う。でも......」



「でも？」



「なんだか、よくわからないの。急すぎるっていうか......」



俺には分かった。黒羽は計算高すぎるのだ。

前世の経験で女性を口説く技術は身についているが、真の気持ちが伝わっていない。



「花音、俺も話があるんだ」



「え？」



俺は決断した。もう隠している場合じゃない。



「俺、花音のことが好きだ」



「蒼真......」



「ずっと好きだった。高校の時から、いや、もっと前から」



花音の目が大きくなった。



「でも、俺は臆病で、ずっと言えなかった」



「蒼真......」



「でも今は違う。花音、俺と付き合ってくれ」



花音が涙を浮かべた。



「蒼真......実は私も、ずっと蒼真のことが好きだった」



「本当に？」



「うん。でも、蒼真は…私のことを友達としか見てないのかなって思ってて」



俺は花音を抱きしめた。



「ごめん、花音。もっと早く言うべきだった」



「いいの。今、聞けて嬉しい」



俺たちは、ついに結ばれた。



でも、それで終わりではなかった。

翌日、黒羽が俺を呼び出した。



「神崎くん、話があります」



学内の人気のない場所で、黒羽が俺を待っていた。



「昨日、花音さんから返事をもらいました」



「そうですか」



「断られました。理由は、あなただそうですね」



黒羽の表情が変わった。

今まで見せていた爽やかさが消えて、冷たい目をしていた。



「神崎くん、あなた、本当は一体何者ですか？」



「何者って......普通の大学生ですが…」



「普通の大学生が、あそこまで正確な投資判断ができるでしょうか？」



黒羽が一歩近づいた。



「普通の大学生が、まだ世間で発表されていない情報を知っているでしょうか？」



俺は警戒した。



「何の話ですか？」



「とぼけても無駄です。あなたも私と同じなんでしょう？」



黒羽が確信を持って言った。



「転生者ですよね？」



ついに、正体がバレた。



「......ええ、そうです」



俺は観念した。



「やはり。私は黒羽涼介。前世では四十歳のIT企業社長でした」



「前世では山田翔太。三十五歳のサラリーマンでした」



「三十五歳......私より若いんですね」



黒羽が冷笑した。



「それなのに、なぜ私が負けるのでしょう？」



「それは......」



「答えを教えてあげましょう。あなたには、本当の愛があるからです」



黒羽の表情が苦い笑いに変わった。



「私は花音さんを、ゲームのような攻略対象としか見ていませんでした。

前世の知識と経験で、確実に落とせる相手だと思っていた」



「黒羽先輩......」



「でも、あなたは違った。本当に彼女を愛していた」



黒羽が俯いた。



「私の負けです」



「黒羽先輩......」



「でも、これで良かったのかもしれません。

私は前世で、愛を失って転生しました。

お金や地位は手に入れましたが、本当に大切なものを見失ったようです」



黒羽が俺を見つめた。



「あなたは、本当に大切なものを掴んだ。羨ましいです」



「黒羽先輩も、きっと2度目の人生でこれから見つけられますよ」



「そうですね。今度は、君のように計算ではなく、心で行動してみます」



黒羽が微笑んだ。今度は、本当の笑顔だった。



「神崎くん、花音さんを大切にしてくださいね」



「はい」







あれから一年が経った。



花音との関係は順調に発展し、俺たちは正式に恋人同士になった。

前世では味わえなかった、本当の恋愛の幸せを感じている。



大学でも、IT関連のベンチャーを立ち上げて、着実に成果を上げていた。

前世の知識は確かに有利だが、今度は仲間と一緒に、新しい未来を作っている。



黒羽先輩も変わった。

計算高い態度を改めて、真面目に勉学に取り組んでいる。

最近は、ボランティア活動にも参加していて、人を助けることに喜びを見出しているようだった。

噂ではそのボランティア活動で知り合った四年生の先輩と付き合っているとか、いないとか。



「蒼真、何考えてるの？」



花音が俺の隣で微笑んでいた。



「花音と一緒にいられる幸せを考えてた」



「もう、恥ずかしいこと言わないでよ」



花音が頬を赤らめた。



俺は前世の記憶を思い出した。

あの時、告白できずに後悔し続けた日々。



でも今は違う。



花音と手を繋いで、キャンパスを歩いている。



「蒼真、今度の夏休み、どこか旅行に行かない？」



「いいね。どこに行きたい？」



「海がいいな」



「じゃあ、沖縄はどう？」



「わあ、素敵！」



花音が嬉しそうに跳ねた。



前世では絶対に経験できなかった、恋人との旅行。

俺は心から幸せだった。



転生は、俺に二度目のチャンスをくれた。

でも、本当に大切だったのは、チャンス自体ではなく、そのチャンスを活かす勇気だったのかもしれない。



前世の経験、未来の知識、全てが役に立った。



でも、最終的に花音の心を掴んだのは、俺の本当の気持ちだった。



「蒼真、愛してる！」



花音が突然言った。



「俺も愛してる、花音」



俺は花音を抱きしめた。

青空の下、俺たちの新しい未来が始まっていた。



前世の後悔はもうない。



今度は、花音と一緒に、最高の人生を歩んでいく。"
2025-09-12 20:10:00,悪役令嬢に転生したので破滅フラグを回避しようと思ったら、原作主人公が思ってたより策略家だった件,異世界[恋愛],"悪役令嬢に転生したので破滅フラグを回避しようと思ったら、原作主人公が思ってたより策略家だった件



第一章　転生と絶望



私の名前はエリザベート・フォン・クラウディア。

クラウディア公爵家の令嬢で、王立魔法学園の二年生。

そして、第一王子レオナルドの婚約者だ。



でも、これは全て表向きの話。



本当の私は、佐藤美咲という平凡な女子大生だった。

乙女ゲーム「ロイヤル・アカデミア」をプレイしていて、気がついたらゲームの世界に転生していた。



しかも、よりにもよって悪役令嬢として。



「お嬢様、お茶の時間です」



メイドのマリアが部屋に入ってきた。

彼女は原作では最後まで私に付き従ってくれる、数少ない味方の一人だ。



「ありがとう、マリア」



私は優雅にティーカップを手に取った。

外見はエリザベートそのものだが、

中身は完全にただの一般人の佐藤美咲だ。



転生してから三ヶ月が経った。

最初は混乱したが、今では状況を受け入れている。



問題は、これからどうするかだ。



原作のエリザベートは、平民出身の主人公リリアナ・ホワイトが学園に入学してから転落の一途を辿る。

リリアナに嫉妬して嫌がらせを繰り返し、最終的に王子に婚約破棄され、全ての攻略対象から見放されて国外追放になる。



「そんなのは絶対に嫌だ…」



私は心の中で呟いた。



前世では平凡だったが、それなりに幸せだった。

この世界でも、できれば平穏に生きていきたい。



「お嬢様、明日からいよいよ新学期ですね」



マリアが微笑んだ。



「新入生の歓迎会もあるとか」



私の心臓が跳ねた。

新学期ということは、ついにリリアナが入学してくる。



原作では、歓迎会でリリアナが王子に一目惚れされるところから物語が始まる。



「マリア、明日の準備はできてる？」



「はい、完璧です」



私は決意を固めた。今度こそ、破滅フラグを全力で回避する。



翌日の朝、私は慎重に身支度を整えた。

原作のエリザベートは、いつも派手で高飛車な格好をしていた。

でも、今日は控えめで上品なドレスを選んだ。



「お嬢様、いつもと雰囲気が違いますね」



マリアが驚いていた。



「そうかしら？」



「はい。より一層美しく見えます」



私は鏡を見た。エリザベートは確かに美人だ。

長い金髪、青い瞳、整った顔立ち。

でも、原作では性格の悪さで全てを台無しにしていた。



「今日からは、新しい私よ」



学園に着くと、いつものように注目を集めた。でも、今日は違った。



「おはようございます、エリザベート様」



同級生たちが挨拶してくる。私は原作のエリザベートとは違って、丁寧に挨拶を返した。



「おはよう。素敵なドレスね」



「ありがとうございます！」



相手が嬉しそうに微笑んだ。

原作では、エリザベートは他の生徒を見下していたが、私は違う。



「エリザベート」



振り返ると、第一王子レオナルドが立っていた。



「レオナルド様」



私は優雅にカーテシーをした。



レオナルドは原作では冷たい美青年だった。

確かに整った顔立ちをしているが、その表情は常に無感情だ。



「今日は歓迎会だな」



「はい」



「君も参加するのか？」



「もちろんです」



レオナルドが私を見つめた。

その目には、わずかに困惑の色があった。



「いつもと様子が違うな」



「そうでしょうか？」



私は微笑んだ。

原作のエリザベートなら、ここで王子に甘えたり、

独占欲を見せてほかの人達に見せつけるようにしていた。

でも、私はそんなことはしない。



「それでは、失礼します」



私は軽く会釈して、その場を離れた。

レオナルドが呆然としているのが分かった。



昼休み、ついに歓迎会が始まった。



大きなホールに新入生と在校生が集まっている。

私は上級生として、新入生を見守る立場だ。



「それでは、新入生代表の挨拶をお願いします」

司会の先生が呼びかけると、一人の少女が壇上に上がった。



リリアナ・ホワイト。



原作の主人公だった。



茶色の髪、緑の瞳、素朴で可愛らしい顔立ち。

平民出身らしい控えめな雰囲気を持っている。



「皆様、初めまして。

リリアナ・ホワイトと申します」

彼女の声は清楚で美しかった。



「平民の出身ですが、奨学金をいただいて、この素晴らしい学園で学ばせていただけることを、心から感謝しています」

会場がざわめいた。平民出身の生徒は珍しい。



「私は魔法の才能はありませんが、一生懸命勉強して、皆様のお役に立てるよう頑張ります」

拍手が起こった。私も拍手をした。



でも、その時私は気づいた。



リリアナの目が、一瞬だけ私の方を見て、微笑んだのだ。

その微笑みには、何か計算高いものがあった。



（あれ？原作と違う？）



原作のリリアナは、純粋で天然な少女だったはず。

でも、今見た微笑みは、何か含みのある微笑みのような......。

私の考えすぎかな。



挨拶が終わると、新入生と在校生の交流時間になった。

私は様子を見ていると、リリアナの周りに人だかりができていた。



「リリアナさん、平民なのにすごいですね」



「魔法の才能がないって言ってたけど、本当ですか？」



質問攻めにされているリリアナは、困ったような顔をしていた。



でも、私にはそれがどうしても演技に見えた。



「皆さん、新入生を困らせてはいけません」



私は人だかりの中に入っていった。



「エリザベート様！」



周りの生徒たちが驚いた。

原作のエリザベートなら、リリアナを敵視して近づかないはずだったが、私は違う。

原作にはない行動をしてみたら未来も変わるのではないか？と思ったからだ。



「リリアナさん、でしたか？素晴らしいご挨拶でした。」



「ありがとうございます、エリザベート様。」



リリアナが深々と頭を下げた。

でも、その時私は確信した。

リリアナの目に、一瞬だけ鋭い光が宿ったのを見たからだ。



（この子、絶対に原作と違う）



原作では天然で純粋だったリリアナが、実は計算高い策略家だとしたら......。

私の破滅フラグ回避計画は、もっと複雑になりそうだった。



第二章　策略と対策



その日の夕方、私は自分の部屋で作戦を練っていた。



「原作と違う......」



リリアナの正体が分からない以上、慎重に行動しなければならない。

原作では、リリアナは純粋すぎるがゆえに、エリザベートの嫌がらせに対して受け身だった。

でも、もし彼女が何かを企んでいるのならば、逆に私が陥れられる可能性がある。



「お嬢様、夕食の準備ができました」

マリアが部屋に入ってきた。



「ありがとう。それより、マリア」



「はい？」



「新入生のリリアナ・ホワイトについて、何か知っていることはある？」



マリアが少し考えてから答えた。

「平民出身で、魔法の才能がないと言われていますが......」



「でも？」



「使用人の間では、不思議な噂があります」



「どんな？」



「リリアナさんが通っていた村の学校で、成績が突然良くなったという話です」



私は興味深く聞いた。



「それまでは普通の成績だったのに、ある日を境に、まるで別人のように優秀になったとか…」



「いつ頃の話？」



「一年ほど前です」



私の背筋が凍った。

一年前といえば、まさに私が転生してきた時期と重なる。



（まさか、リリアナも......転生してきたの？

さすがに考えすぎかな。）



でも、それなら話は分かる。

原作を知っているなら、計算高く行動するのも当然だ。



「マリア、他に何か分かったら教えて」



「承知いたしました」



夕食を食べながら、私は今後の方針を考えた。

もしリリアナが転生してきたのなら、彼女も原作の展開を知っている。

つまり、私が悪役令嬢として破滅することも。



（だとしたら、彼女は私を積極的に陥れてくるかもしれない）



原作では、リリアナは受け身だったが、転生してきたのなら違う。

自分から動いて、有利な状況を作り出すはずだ。



「対策を考えないと......」



翌日、私は学園でリリアナの行動を観察することにした。

授業中、リリアナは前の方の席に座っていた。

一見すると真面目に授業を受けているが、時々きょろきょろして教師や他の生徒の反応を観察している。



（やっぱり何かを企んでいる？）



昼休み、リリアナは一人で本を読んでいた。

近づいてみると、それは魔法理論の高度な専門書だった。



「難しい本を読んでいるのね」

私が声をかけると、リリアナが驚いたような顔をした。



「エリザベート様！申し訳ありません、気づかずに......」



「いえいえ、お気になさらず。その本、何を読んでいるの？」



「魔法理論の参考書を。

魔法の才能が私にはないので、理論だけでも勉強しようと思って」



リリアナの答えは完璧だった。

でも、私には嘘に聞こえた。



「そういえば、リリアナさんは故郷ではどんな勉強をしていたの？」

私がさりげなく聞くと、リリアナの表情が一瞬強張った気がした。



「普通の、田舎の農村で......基本的なことを」



「そう。でも、その割には学識が豊富よね」



「本を読むのが好きなので」



リリアナが微笑んだ。

でも、その笑顔は作り物だった。



私は確信した。

リリアナは間違いなく何かを隠している。



その日の放課後、私は図書館でリリアナを待ち伏せることにした。

案の定、リリアナが一人で図書館にやってきた。



彼女は迷わず魔法史の棚に向かい、特定の本を手に取った。



（あの本......）



私は記憶を辿った。見覚えがある気がするが、あまり思い出せない。

リリアナはその本を読みながら、時々メモを取っている。

その表情は、真剣で、まるで研究者のようだった。



（絶対に只者じゃない）



私は静かに近づいた。



「こんな時間まで、ずいぶん勉強熱心なのね。」



「きゃっ！エ、エリザベート様..！

も、申し訳ありません大きな声を出してしまって..」



私がリリアナが驚いて落としてしまった本を拾い上げると、タイトルを確認した。



「『古代魔法文明の興亡』......随分と専門的な本ね」



「あ、その......なんとなく、興味があって」



リリアナが慌てて言い訳をした。

でも、私はその本の中身をちらりと見てしまった。

ページの端に、現代の日本語の文字でメモが書かれていた。



（やっぱり..この世界には日本語は存在しない、間違いなく彼女は転生者だ）



私は本をリリアナに返した。



「勉強、頑張ってね」



「はい、ありがとうございます」



私がその場を離れようとした時、リリアナが声をかけてきた。



「エリザベート様」



「何？」



「もっとエリザベート様とお話ししたくって、

もしよろしければ、今度お茶でもいかがですか？」



私は驚いた。

原作では、リリアナからエリザベートに近づくことはなかった。



「いいわね。楽しみにしてる」



「ありがとうございます」

リリアナが微笑んだ。

でも、その笑顔の奥に、何か企みがあるような気がした。



（お茶会で何をするつもり？）



私は警戒を強めた。

もしリリアナが転生者なら、私を陥れるための策略を考えているかもしれない。

でも、逆に考えれば、これは彼女の正体を探る絶好の機会でもある。



「受けて立ちましょう」

私は心の中で決意を固めた。



 第三章　お茶会の攻防



三日後、約束通りリリアナとのお茶会が開かれた。

場所は学園内の小さなティールーム。私たち以外に人はいない。



「素敵な場所ですね」

リリアナが周りを見回した。



「ええ。私のお気に入りの場所よ」



私たちは向かい合って座った。

メイドが紅茶とケーキを運んできて、すぐに退室した。



「リリアナさん、学園生活はいかが？」



「とても充実しています。皆さんこんな私にも親切で......」



リリアナの答えは模範的だった。

でも、私はその先を聞きたかった。



「王子殿下ともお会いしましたか？」



「はい。歓迎会で少しお話しを、第一王子としての風格を感じます。」



原作では、この時点でリリアナと王子が恋に落ちているはずだった。

でも、リリアナの反応は淡白だった。



「殿下、素敵でしょう？」

私がわざと振ってみると、リリアナが困ったような顔をした。



「はい......とても立派な方だと思います」



（この興味がなさそうな感じは…恋してない？）



原作とは明らかに違う反応だった。



「エリザベート様と殿下はご婚約者でいらっしゃるのですよね」



リリアナが話題を変えた。



「ええ。幼い頃からの許嫁よ」



「素晴らしいことですね。とてもお似合いでお幸せそうです」



リリアナの言葉に、私は違和感を覚えた。

原作では、リリアナは王子への恋心を隠していたはずなのに。



「リリアナさん、本当は何が目的なの？」

私は思い切って直球で聞いてみた。



「え？」

リリアナが驚いた顔をした。



「平民出身なのに、なぜこの学園に？

奨学金だけでは入学できるのに説明がつかないわ」



「それは......成績が良かったので」



「でも、急に成績が上がったのよね？一年前から」



リリアナの表情が変わった。

今度は本当に驚いているようだった。



「どうして、それを......」



「調べたのよ。あなたの過去を」



私は嘘をついた。

実際にはマリアから聞いただけだが。



リリアナが沈黙した。

しばらくして、彼女が口を開いた。



「エリザベート様も、何か隠していることがあるのではありませんか？」



今度は私が驚いた。やはり彼女は..



「最近、様子が変わったと皆さんおっしゃっています。

以前のエリザベート様とは、まるで別人のようだと」



リリアナは真剣な眼差しでこちらを見ている。



「まさか......」

彼女が何かに気づいたような表情を見せた。



「あなたも、転生してきたのですか？」



ついに、核心を突かれた。

私は観念して答えた。



「そうよ。薄々気づいていたのね？あなたもでしょう？」



リリアナが深いため息をついた。



「やっぱり。さすがにわかりやすいですよ」



「どうして？」



「エリザベート様の行動が、あまりにも原作と違いすぎるから…

私が転生してきたなら他の誰かが転生していてもおかしくありません。」

リリアナが苦笑いした。



「私も転生者です。

前世では、このゲームを何度もプレイしていました。」



「何度も？」



「全ルート攻略済みです」



全ルート攻略ということは、彼女は私以上に原作を知っている。



「それで、あなたは何がしたいの？」



「最初は、原作通りに王子殿下と恋愛するつもりでした。」



リリアナが紅茶を飲んだ。



「でも、エリザベート様がかなり変わってしまったので、計画を修正しようと。」



「どう修正したの？」



「王子殿下以外の攻略対象を狙うことにしました。」



私は安堵した。

王子を諦めてくれるなら、私の婚約破棄フラグは回避できる。



「それで、誰を？」



「騎士団長のアレクサンダー様です」



アレクサンダー・ブルーフォード。

原作では実直で正義感の強い騎士だった。



「騎士団長…、いい選択ね」



「ありがとうございます。でも......」



リリアナが困った顔をした。



「実は、困ったことがあるんです」



「困ったこと？」



「原作にない新しいキャラクターが登場しているんです」



私の心臓が跳ねた。



「新しいキャラクター？」



「ユリウス・シルバーハート。隣国からの留学生です」



その名前は、確かに原作にはそんなキャラクターはいなかった。



「彼が現れてから、学園の雰囲気が変わりました」



「どう変わったの？」



「攻略対象の皆さんが、なぜか彼に興味を示すようになったんです。」



私は背筋が凍った。

原作にない新展開は、予測不可能だ。



「それで、お願いがあります」

リリアナが真剣な顔で私を見つめた。



「一緒に、この状況を乗り切りませんか？」



「一緒に？」



「はい。転生者同士、協力しましょう。」



私は迷った。リリアナを信用していいのか？



でも、新キャラの登場で状況が変わった以上、一人で対処するのは難しい。



「分かったわ。こんな状況信じられないけど、協力しましょう。」



「ありがとうございます！」



リリアナが嬉しそうに微笑んだ。

今度は、純粋な笑顔だった。

こうして、悪役令嬢と主人公の、奇妙な同盟が結ばれた。



 第四章　新たな脅威



翌日、私とリリアナは約束通り情報交換をすることになった。

放課後、人気のない教室で待ち合わせた。



「それで、ユリウス・シルバーハートについて、詳しく教えて。」



私がリリアナに聞くと、彼女が資料を取り出した。



「隣国ヴェルディア王国の第二王子です。

魔法の天才と呼ばれている方です。」



「第二王子......政略結婚の可能性もあるとも聞いたわ。」



「はい。そして、彼が来てから、レオナルド王子の様子が変わりました」



「どう変わったの？」



「以前より積極的になったというか......

まるで競争意識を燃やしているような…」



私は考えた。

原作では、レオナルドは冷たく無感情なキャラクターだった。

でも、ライバルの登場で性格が変わったのか？



「他の攻略対象は？」



「アレクサンダー様も、ユリウス王子に興味を示しています。

魔法学者のセバスチャン様も同じです」



これは予想外の展開だった。

「まさか、ユリウスが......」



その時、教室のドアが開いた。



「失礼します」



入ってきたのは、見知らぬ青年だった。



銀色の髪、紫の瞳、整った顔立ち。

貴公子然とした雰囲気を持っている。



「ユリウス・シルバーハートです。」

彼が自己紹介した瞬間、私とリリアナは緊張した。



「エリザベート・フォン・クラウディア様、

リリアナ・ホワイト様、お初にお目にかかります。」

ユリウスが優雅に一礼した。



「こちらこそ」



私は冷静を装って挨拶を返した。



「お二人がお話ししているところをふとお見掛けして、ぜひご挨拶をと思いまして。」



「ご丁寧にありがとうございます。」

リリアナも礼儀正しく答えた。



でも、私にはユリウスの目的が分からなかった。

なぜわざわざ私たちに接触してきたのか？



「エリザベート様は、王子殿下のご婚約者でいらっしゃいますね。」



「はい。」



「素晴らしいことです。

お二人の関係を拝見していると、真の愛を感じます。」



ユリウスの言葉は丁寧だったが、どこか探るような響きと含みを感じた。



「リリアナ様は、平民のご出身でありながら、この学園で学ばれている。

まさに努力の方ですね。」



「ありがとうございます。」



リリアナが控えめに答えた。



「ところで、お二人は最近仲良くされているようですが。」



ユリウスが核心を突いてきた。



「何かご相談でも？もしよろしければ、お力になれることがあるかもしれません。」



私は警戒した。この男は何を知っているのか？



「ただの女の子同士の雑談ですわ。」



「そうですか。失礼いたしました。」

ユリウスが微笑んだ。でも、その笑顔は信用できなかった。



「また改めてお話しできればと思います。

それでは、失礼します。」



ユリウスが去った後、私とリリアナは顔を見合わせた。



「今の......」



「怪しいわね。」

私たちは同じことを考えていた。



「まさか、彼も転生者？」

リリアナが呟いた。



「可能性はあるわね。でも、さすがに確証がないわ…」



「どうしましょう？」



私は考えた。ユリウスの正体が分からない以上、慎重に行動しなければならない。



「とりあえず、彼の行動を観察しましょう。そして......」



「そして？」



「攻略対象たちがなぜ彼に興味を示すのか、その理由を探る必要があるわ。」



翌日から、私とリリアナは分担してユリウスを監視することにした。

すぐに分かったのは、ユリウスが非常に計算高く行動していることだった。



王子とは政治の話、騎士団長とは剣術の話、魔法学者とは研究の話。

相手の興味に合わせて、巧みに話題を選んでいる。



「完全に意図的ね」



私がリリアナに報告すると、彼女も頷いた。



「しかも、皆さん彼に好感を持っているようです。」



「まずいわね。このままだと......」



私は最悪のシナリオを考えた。

もしユリウスが全ての攻略対象を取り込んでしまったら、私もリリアナも孤立してしまう。



「対策を考えないと」



その時、私に一つのアイデアが浮かんだ。



「リリアナ、ユリウスの弱点を探りましょう。」



「弱点？」



「完璧に見える人間ほど、隠している秘密があるものよ」



私は前世の経験を思い出していた。

職場にいた、一見完璧な上司も、実は大きな弱点を抱えていた。



「どうやって？」



「彼の過去を調べるのよ。ヴェルディア王国のことも含めて。」



私とリリアナの、本格的な調査が始まった。



## 第五章　隠された真実



一週間後、私たちの調査で驚くべき事実が判明した。



「ユリウスの正体が分かったわ。」

私がリリアナに報告した。



「彼は確かにヴェルディア王国の第二王子だけれど、実は王位継承権を剥奪されているの」



「剥奪？なぜ？」



「魔法の研究に没頭するあまり、禁忌とされる古代魔法に手を出したからよ。」



私は調べた情報を整理して話した。

「それで、この学園に『留学』という名目で送られてきたけれど、実際は事実上の追放よ」。



「それは......」

リリアナが困惑していた。



「でも、それだけじゃないの。彼の目的は、この学園に隠されている『禁断の魔導書』を手に入れることよ。」



「禁断の魔導書？」



「伝説の魔法書よ。それを使えば、失った王位を取り戻せると考えているの。」

私は確信していた。

これが、ユリウスが攻略対象たちに近づく理由だ。



「つまり、攻略対象の皆さんは、彼に利用されているということですか？」



「そうよ。王子は政治的な影響力、騎士団長は武力、魔法学者は知識。

全て彼の計画に必要な要素よ。」



リリアナが青ざめた。

「それで、私たちはどうすれば？」



「ユリウスの計画を阻止するのよ。そして、攻略対象たちに真実を伝える」



私は決意を固めた。



「でも、証拠が必要ね。彼らが信じてくれるような」



「どうやって証拠を？」



「ユリウスの部屋を調べましょう」



リリアナが驚いた。

「そんな危険なこと......」



「大丈夫。私に考えがあるわ」



その夜、私たちは慎重に計画を実行した。

ユリウスが図書館にいる間に、彼の部屋に忍び込んだ。



「見張りは任せて」



リリアナが廊下で見張りをしてくれる間、私は部屋の中を調べた。

机の引き出しを開けると、古い羊皮紙に書かれた文書があった。



「これは......」



それは確かに禁断の魔導書に関する研究資料だった。

そして、学園の見取り図に、魔導書が隠されている場所がマークされていた。



「地下書庫......」



私は資料を写真に撮った。これで証拠は十分だ。



「エリザベート様、急いで！」



リリアナの声が聞こえた。ユリウスが戻ってくるのだろう。

私は急いで部屋を出た。



翌日、私たちは王子に面会を求めた。



「レオナルド様、お話があります」



「何だ？」



王子が冷たく答えた。

最近の彼は、私に対してますます距離を置いている。



「ユリウス王子についてです」



「ユリウス？彼がどうかしたのか？」



「彼の真の目的を知っていますか？」



私は持参した資料を王子に見せた。



「これは......」



王子の表情が変わった。



「禁断の魔導書？まさか......」



「ユリウス王子は、学園に隠された魔導書を狙っています。

そして、あなたを利用しようとしているのです」



王子が資料を詳しく見た。

「この文書は本物か？」



「彼の部屋で見つけました」



王子が沈黙した。

しばらくして、彼が口を開いた。



「......薄々気づいていた」



「え？」



「ユリウスの行動に、不自然な点があった。

だが、確証がなかった」



王子が立ち上がった。



「この件は、私が調査する。君たちは関わらない方がいい」



「でも......」



「これは命令だ」



王子の声に、有無を言わせない強さがあった。

私とリリアナは、王子の部屋を後にした。



「これで良かったのでしょうか？」

リリアナが心配そうに聞いた。



「きっと大丈夫よ。王子は賢い人だから」



でも、私の予想は甘かった。

その日の夜、学園に非常事態が発生した。

地下書庫で魔法の暴走が起き、建物が崩壊したのだ。



「まさか......」



私は急いで現場に向かった。



そこには、ユリウスが倒れていた。

そして、彼の手には古い魔導書が握られていた。



「やはり......」



王子が現場に到着した。



「ユリウス！」



「レオナルド......」



ユリウスが苦しそうに王子を見上げた。



「なぜこんなことを？」



「王位を......取り戻すために......」



ユリウスが最後の力を振り絞って答えた。



「でも......魔導書の力は......制御できなかった......」



「馬鹿者！」



王子が叫んだ。



「命より大切な王位などない！」



ユリウスが微笑んだ。



「君は......優しいな......だから......君を利用するのが......つらかった......」



「ユリウス......」



「エリザベートと......リリアナに......謝ってくれ......」



ユリウスの手から魔導書が滑り落ちた。

そして、彼は静かに息を引き取った。



エピローグ　新しい始まり



ユリウスの死から一ヶ月が経った。



学園には平穏が戻っていたが、彼の死は皆に大きな影響を与えていた。



「エリザベート」

王子が私を呼び出した。



「はい」



「君に謝らなければならない」



「謝る？」



「君の忠告を、もっと真剣に受け取るべきだった」

王子の表情には、深い後悔があった。



「もし私がもっと早く行動していれば、ユリウスは死なずに済んだかもしれない」



「レオナルド様......」



「君は私の婚約者だ。だが、最近の私は君を信頼していなかった」

王子が私の手を取った。



「改めて、僕をパートナーとして認めてほしい。

一緒に、この国の未来を築いていこう」



私は驚いた。これは原作にはない展開だった。



「はい、喜んで」

私は微笑んだ。



王子との関係が改善されただけでなく、私の破滅フラグは完全に回避されていた。

一方、リリアナは騎士団長のアレクサンダーとの関係を順調に発展させていた。



「エリザベート様、ありがとうございました」

リリアナが私にお礼を言った。



「お互い様よ。一緒に頑張ったじゃない」



「はい。この経験で学びました」



「何を？」



「原作通りにいかなくても、自分の力で道を切り拓けるということを」

リリアナの笑顔は、以前より明るく見えた。



「それと、本当の友達ができました」



「友達？」



「エリザベート様です。最初は警戒していましたが、今は心から信頼しています」



私も同じ気持ちだった。

転生という運命で結ばれた私たちは、今や真の友となっていた。

夕日が学園を照らしている。



私は窓から外を眺めながら考えた。

悪役令嬢としての運命を変えることができた。

王子との関係も修復できた。そして、かけがえのない友も得た。



「前世より、ずっと充実してるかも」



私は微笑んだ。



確かに、途中で予想外の困難があった。

でも、それを乗り越えたからこそ、今の幸せがある。



「これからも、自分の道は自分で決める」



私は決意を新たにした。

原作の運命に縛られることなく、自分らしい人生を歩んでいこう。



悪役令嬢エリザベート・フォン・クラウディアの、新しい物語が始まったのだった。



~番外編~



それから半年後、私とリリアナの友情はさらに深まっていた。



「エリザベート様、今日のお茶会の準備ができました」

マリアが部屋に入ってきた。

今日は月に一度の、リリアナとの定例お茶会の日だった。



「ありがとう、マリア。リリアナはもう来てる？」



「はい。庭園でお待ちです」



私は身支度を整えて庭園に向かった。

バラが美しく咲き誇る中庭で、リリアナが本を読んでいた。



「お待たせしてごめんなさい」



「いえいえ、私も今来たところです」



リリアナが微笑んで本を閉じた。



「何を読んでいたの？」



「魔法史の本です。最近、古代魔法についてもっと知りたくて」



私は少し心配になった。

ユリウスの件以来、リリアナは古代魔法に興味を持つようになっていた。



「危険な魔法には手を出さないでしょうね？」



「もちろんです。ただ、知識として学んでいるだけですよ」



リリアナが苦笑いした。



「エリザベート様こそ、最近王子殿下とお忙しそうですね」



確かに、レオナルドとの関係が改善してから、公務や社交界での活動が増えていた。



「そうね。でも、充実してるわ」



「素晴らしいことです。お二人を見ていると、本当に理想的な夫婦になられると思います」



「ありがとう。リリアナもアレクサンダー様とお幸せそうね」



リリアナの頬が赤くなった。

「彼は本当に誠実で優しい方です。前世では考えられないような恋愛ができています」



「前世って、どんな人だったの？」



私は以前から気になっていた。



「ただのOLでした。恋愛経験も少なくて、ゲームの中でしか理想の恋愛を知らなかった」



リリアナが懐かしそうに笑った。



「でも、この世界に来て、本当の恋愛を知ることができました」



「私も同じよ。前世では恋愛に積極的になれなかった」



私たちは、前世の話から現在の生活まで、様々なことを語り合った。

そんな時、庭園に一人の女子生徒が慌てて走ってきた。



「エリザベート様！リリアナ様！」



それは一年生のソフィア・ローゼンバーグだった。

彼女は最近、私たちを慕ってくれている後輩だった。



「どうしたの、ソフィア？」



「大変です！新しい転入生が来たんですが、その人が......」



ソフィアが息を切らしながら説明した。



「その人が何だというの？」



「自分は神に選ばれた聖女だと言って、学園を改革すると宣言したんです！」



私とリリアナは顔を見合わせた。



「聖女？」



「はい。それで、現在の学園の制度は間違っていて、自分が正しい秩序を作ると......」



私は嫌な予感がした。



「その転入生の名前は？」



「セレスティア・ホライズンと名乗っています」



その名前は、原作にも続編にも登場しない、完全に私たちが知らない人物だった。



「まさか......」



リリアナが私と同じことを考えているのが分かった。



「また転生者？」



「その可能性が高いわね」



私は立ち上がった。

「ソフィア、その転入生は今どこに？」



「学園長室にいるはずです。学園長と面談中だと思います」



「分かったわ。ありがとう」



ソフィアが去った後、私とリリアナは深刻な顔で話し合った。



「聖女を名乗るなんて、相当な自信があるのね」



「しかも学園改革って......私たちの立場がまた危険になるかもしれません…。」



リリアナが心配そうに言った。



「大丈夫よ。私たちには経験があるわ」



私は自信を持って答えた。



「ユリウスの件を乗り越えたんだもの。今度も何とかなるわ」



「でも、相手が聖女を自称するなら、宗教的な権威を使ってくる可能性があります」



「確かに。それは厄介ね」



私は考えた。

政治的権力、武力、知識、そして今度は宗教的権威。

次々と新しい脅威が現れる。



「とりあえず、情報収集から始めましょう」



「はい。私は下級生たちから話を聞いてみます」



「私は教師陣から情報を得てみるわ」



私たちの新しい戦いが始まろうとしていた。



翌日、私は父のクラウディア公爵に相談した。



「父上、セレスティア・ホライズンという名前に聞き覚えはありませんか？」



「セレスティア......」



父が考え込んだ。



「確か、遠い親戚筋にその名があったような気がするが......」



「親戚？」



「クラウディア家の分家の、さらに分家だ。ずっと音信不通だったが......」



父の表情が曇った。



「その家系は、代々神秘主義的な思想を持っていたと聞く」



「神秘主義？」



「古い宗教的伝統を重んじ、現代の制度を否定する傾向があったそうだ」



私は納得した。だから聖女を名乗り、学園改革を主張するのか。



「父上、彼女が学園で何か問題を起こした場合......」



「心配するな。お前は正当なクラウディア家の当主候補だ。分家の戯言ごときに惑わされる必要はない」



父の言葉に私は安心した。



一方、リリアナも重要な情報を得ていた。



「エリザベート様、大変なことが分かりました」



放課後、私たちは再び秘密の場所で会った。



「セレスティアは、一年生たちの間で急速に支持を集めています」



「支持？」



「『現在の学園は腐敗している』『貴族制度は間違っている』と主張して、平民出身の生徒たちの心を掴んでいるんです」



私は愕然とした。



「それは......」



「はい。私の立場も微妙になっています。平民出身でありながら、貴族の皆さんと親しくしているからです」

リリアナの表情が暗かった。



「セレスティアは私を『貴族に取り込まれた裏切り者』と呼んでいるようです」



「そんな......」

私は怒りを感じた。



「許せないわね。リリアナは自分の努力で今の地位を築いたのに」



「でも、平民出身の一年生たちには、彼女の言葉の方が説得力があるみたいです」



私は拳を握った。また新しい敵が現れた。

しかも、今度は私たちの友情そのものを攻撃しとうとしてくる。



「リリアナ、負けないわよ」



「はい。でも、どうやって？」



「まず、セレスティアの正体を暴く。そして、彼女の真の目的を明らかにするのよ」



私は決意を固めた。



ユリウスとの戦いで学んだことがある。

表面的な正義を掲げる者ほど、裏に隠された野望があるものだ。



「私たちの友情は、そう簡単には壊されない」



リリアナが頷いた。



「はい。一緒に頑張りましょう」



夕日が学園を照らしている。

新しい戦いが始まるが、私たちにはもう恐れはなかった。

なぜなら、私たちには真の友情と、これまでの経験があるからだ。



セレスティア・ホライズンよ、覚悟しなさい。



私たちは、自分たちの築いた絆を守り抜く。



【続く…かも？】"
2025/09/13,俺が憧れの氷室さんの秘密を知ったら異能力事件に巻き込まれた件,現実世界[恋愛],"俺が憧れの氷室さんの秘密を知ったら異能力事件に巻き込まれた件







21世紀も四半世紀を過ぎた頃から、世界は少しずつ変わり始めた。



最初は都市伝説程度の話だった。

「炎を手のひらから出せる人がいる」

「物を浮かせることができる超能力者を見た」

「テレパシーで会話している人たちがいるらしい」

——そんな眉唾物の噂が、やがて科学的に実証され、社会現象となった。



『異能力』。



通常の人間には不可能な、特殊な能力を持つ人々の存在が公式に認められたのは、今から約10年前のことだ。

世界保健機関の調査によると、全世界の人口の約0.1%、およそ800万人がなんらかの異能力を持っているとされている。



日本国内だけでも、確認されているだけで約12万人の異能力者がいる。

彼らの多くは普通の市民として生活し、能力を隠しながら、あるいは社会に貢献する形で暮らしている。



もちろん、俺のような一般人にとって異能力者は身近な存在ではない。テレビのニュースやネットの動画で見かける程度で、実際に会ったことがある人なんてほとんどいないだろう。



少なくとも、昨日までの俺はそうだった。



「また今日も話しかけられなかった...」



俺の名前は田中康介。

桜丘学園の高校二年生で、これといった特徴もない平凡な男子高校生だ。

成績は中の下、運動神経も普通、友達はそこそこいるけどそこまで深い付き合いでもない。

異能力なんて当然持っていない。



そんな俺には、密かに憧れている人がいる。



同じクラスの女子、氷室雪菜。



長い黒髪と整った顔立ち、いつもクールで近寄りがたい雰囲気を纏っている。

成績はいつもトップで、でも誰とも深く関わろうとしない。



まさに高嶺の花って感じの人だ。



「うーん、いつか話してみたいなぁ...」



今日も結局、遠くから眺めるだけで終わってしまった。

もう放課後の6時前。教室にはほとんど人がいない。



「あ、そうだ。数学の教科書忘れてた」



明日の宿題があるのを思い出して、急いで教室に戻った。

廊下はもうほとんど電気が消えていて、薄暗い。



教室のドアを開けると...



「え？」



氷室さんがまだ教室にいた。

一人で、窓際の席に座っている。

でも、なんか様子が変だった。



手のひらの上に、小さな氷の結晶が浮かんでいる。



「...え、えーっと」



氷の結晶がくるくると回っている。

まるで生き物みたいに。



それも、氷室さんの指の動きに合わせて形を変えながら。



俺は思わず声を出してしまった。



「すげー！それ、本物！？異能力？」



氷室さんがビクッと振り向いた。氷の結晶は瞬時に消える。



「...田中くん」



「あ、あの、すみません！見ちゃいけないもの見ちゃったみたいで...」



氷室さんはため息をついて立ち上がった。



「どのくらい見てたの？」



「え、えーと、氷が浮いてるところから...」



「そう」



氷室さんは俺に近づいてきた。

なんか怖い。もしかして、口封じに殺されるのか？



「田中くん、あなた異能力について知ってる？」



「え、あ、はい。テレビとかネットとかでよく見ますし...でも実際に目の前で見るのは初めてです。本当にいるんですね」



「いるのよ。そして私もその一人」



氷室さんの手のひらに、また小さな氷が現れた。

今度は薔薇の形をしている。



「うわー、綺麗...」



思わず見とれてしまった。

氷の薔薇は透明で、夕日に照らされてキラキラと輝いている。



「異能力は、現代科学では説明のつかない特殊な能力のことよ。

世界中に数百万人の能力者がいるとされているけど、その大半は自分の力を隠して普通の生活を送ってる」



氷室さんは氷の薔薇を指先で回しながら説明した。



「私の能力は『氷晶操作』。周囲の水分を急速冷却して氷に変え、自在に形を作ったり操ったりできるの」



氷の薔薇が少しずつ形を変えて、今度は小鳥の形になった。

小鳥が羽ばたくような動きを見せる。まるで本物みたいだ。



「でも、これは秘密よ。学校の一般生徒には知られてはいけない」



「え、なんで？異能力って、もう社会に認められてるんじゃ...」



「表面的にはね。でも現実はそう単純じゃない」



氷室さんの表情が少し暗くなった。



「異能力者への偏見や差別はまだ根深いの。

それに、学校のような閉じた環境では、能力を知られることで様々なトラブルになる可能性がある」



氷の小鳥を消すと、氷室さんは鞄を手に取った。



「とりあえず今日は帰りましょう。でも田中くん、このことは絶対に誰にも言わないでね」



「は、はい！」



俺は慌てて頷いた。でも正直内心では興奮していた。

氷室さんが異能力者だったなんて！しかもこんなにかっこいい能力を持っているなんて！



「あの、氷室さん」



校門を出たところで、俺は思い切って声をかけた。



「なに？」



「その能力、すごく素敵だと思います。氷の薔薇、本当に綺麗でした」



氷室さんは一瞬、驚いたような顔をした。

でもすぐに冷たい表情に戻った。



「...ありがとう。でも、忘れて」



「え？」



「私の能力は、人を傷つけるためにある。これは美しいものじゃないわ」



そう言って、氷室さんは歩いて行ってしまった。



俺はその場に立ち尽くした。

人を傷つける？あんなに美しい能力が？



よく分からなかった。

でも一つだけ確信していることがある。



氷室さんは、俺が思っていたよりもずっと寂しそうだった。





そして俺は、この日を境に、異能力という不思議な世界に足を踏み入れることになるとは、まだ知る由もなかった。





次の日の朝、学校に着くと何やら騒がしかった。



「おい、聞いたか？昨日の放課後、山田が職員室で先生に怒鳴られたらしいぞ」



「え、山田が？あいつ普段大人しいのに」



「でも山田は『そんなこと言ってない』って言い張ってるんだってさ」



友達の佐藤が教えてくれた。

山田っていうのは俺たちのクラスの男子で、確かにおとなしくて先生に反抗するようなタイプではない。



「なんか最近、そういう『言った、言ってない』の話が多いよな」



「そうそう。先週も田村が『宿題出してない』って言われてて、でも本人は出したって言ってたし」



「見間違いとか聞き間違いが多いのかな？」



教室に入ると、氷室さんはいつもの席に座っていた。

昨日のことがあったから、なんか気になってしまう。



でも話しかける勇気はない。



授業中、俺は時々氷室さんの方を見てしまった。

普段通りクールに授業を受けている。

でも、なんとなく周りを警戒しているような感じもした。



昼休み、俺は一人で中庭にいた。

パンを食べながらぼーっと空を見上げていると、



「田中くん」



振り返ると氷室さんが立っていた。



「あ、氷室さん。どうしたんですか？」



「ちょっと話があるの。ついてきて」



氷室さんは人気のない校舎の裏に俺を連れて行った。



「昨日の話の続きよ」



「あ、はい」



「最近、学校で変なことが起きてるのに気づいてる？」



「変なこと？」



「聞き間違いや見間違いが多発してるの。でも、本当にそれだけかしら？」



氷室さんは真剣な表情で俺を見つめた。



「実は、異能力が関わっている可能性があるの」



「異能力？」



「幻覚や錯覚を起こす能力。相手に偽の映像や音を見せたり聞かせたりする力よ」



そんな能力があるのか。

確かに最近、「言った言ってない」「やったやってない」の話が多い気がする。



「それで、その能力者を探してるってことですか？」



「ええ。でも一人じゃ限界があるの」



氷室さんは少し困ったような顔をした。



「田中くん、あなたに頼みがあるの」



「え、俺に？」



「あなた、すごく観察力があるのね。昨日も私の能力にすぐ気づいたし」



言われてみれば、確かに俺は昔から人の行動を見るのが好きだった。

クラスメイトの小さな変化とかにもよく気づく方かも。



「でも俺、異能力ないですよ？」



「関係ない。むしろ一般生徒の方が、不自然なことに気づきやすいかもしれない」



氷室さんは俺の手を取った。

冷たくて、でもなんだか優しい手だった。



「手伝ってくれる？」



俺は迷った。異能力事件なんて、危険じゃないのか？

でも、氷室さんが困っているなら...



「分かりました。俺にできることなら」



氷室さんの顔が少し明るくなった。



「ありがとう。それじゃあ、今日の放課後、図書館で待ち合わせましょう」



その時だった。



「あれ？田中くん、こんなところで何してるの？」



振り返ると、クラスメイトの鈴木がいた。

でも、なんか様子が変だった。なんだか目が少しぼんやりしている。



「あ、えーと...」



「図書館？なんで図書館なんて行くの？君、本なんて読むキャラだったっけ？」



鈴木の声には妙な響きがあった。

まるで催眠術師みたいな。



その時、氷室さんが俺の前に出た。



「私たちは何も話してないわよ」



氷室さんの手のひらに、小さな氷の塊が現れた。



「そうだね。君たちは何も話してなかったよ」

鈴木の目がさらにぼんやりした。

そして、フラフラと歩いて行ってしまった。



「今のって...」



「幻覚・錯覚能力者よ。間違いない」

氷室さんの表情が険しくなった。



「でも、なんで鈴木が？まさか鈴木が犯人？」



「違う。今の鈴木は操られてた。本当の犯人は別にいる」

氷室さんは周りを見回した。



「私たちのことを見張ってる。気をつけなさい」



急に怖くなった。

こうして俺は、思いもよらない異能力事件に巻き込まれることになった。





放課後、図書館で氷室さんを待っていると、彼女は予定通りやってきた。

でも、なんだか疲れているような顔をしている。



「お疲れさまです」



「ありがとう。座って」



俺たちは図書館の奥の席に座った。

周りには数人の生徒がいるけど、みんな勉強や読書に集中している。



「まず、異能対策委員会について説明するわ」



「異能対策委員会？」



「この学校には、異能力を悪用する生徒を取り締まる秘密組織があるの。私もその一員よ」

氷室さんは小さな手帳を取り出した。



「最近の事件をまとめたの。見て」



手帳には、いろんな「事件」が記録されていた。



・山田の件：先生への反抗（本人は否定）

・田村の件：宿題未提出（本人は提出したと主張）

・3年生の告白事件：突然女子に告白、翌日記憶があいまい

・カンニング疑惑：数学のテストで同じ間違いをした生徒が複数



「これ、全部同一犯の仕業？」



「そう思う。パターンが似てるのよ。誰かが幻覚を見せて、他の人に迷惑をかけさせてる」



俺は手帳を読みながら考えた。

でも、なんか引っかかることがある。



「氷室さん、一つ質問があります」



「なに？」



「昼休みの鈴木の件ですけど、あれって鈴木が操られてたっていうより、俺たちの会話を『聞いた』んじゃないですか？」



氷室さんが振り返った。



「どういうこと？」



「だって、鈴木は『図書館』って単語に反応してましたよね。

でも俺たちがその単語を言ったのは、鈴木が来る前です」



氷室さんの表情が変わった。



「まさか...」



「犯人は最初から俺たちの近くにいて、会話を盗聴してたんじゃないでしょうか。

そして鈴木に幻覚を見せて、『田中と氷室が図書館で待ち合わせしている』って思い込ませた」



「そうか！私は鈴木が操られてると思ったけど、実際は犯人が別にいて、鈴木を使って私たちを牽制しようとしたのね」



氷室さんはパッと周りを見回した。

でも図書館にいるのは、いつもの顔ぶればかりだ。



「犯人は今もここにいるかもしれない」



その時だった。



「あれ？氷室さんと田中くん、一緒にいるんだ」



クラスメイトの高橋がやってきた。

でも高橋の目も、昼間の鈴木と同じようにぼんやりしている。



「珍しい組み合わせだね。まさか付き合ってるの？」



氷室さんが立ち上がった。

手のひらに氷の欠片が現れる。



「私たちは勉強してるだけよ」



「そっか、勉強か。でも二人とも、あんまり図書館来ないよね？」



高橋の声は単調で、まるでロボットみたいだった。



俺は周りを見回した。誰が犯人なんだ？

その時、気づいた。



窓際の席に座っている生徒が、こちらをチラチラ見ている。

眼鏡をかけた小柄な男子で、名前は...確か、渡辺だったか？



渡辺は本を読んでいるフリをしているけど、ページを全然めくっていない。

それに、俺たちの会話を聞こうとしているような素振りがある。



「氷室さん」

俺は小声で言った。



「窓際の渡辺、怪しくないですか？」

氷室さんも目をやった。



「...本当ね。集中してない」

その時、高橋が急に変なことを言い出した。



「あ、そうそう。君たち、昨日の放課後も一緒にいたよね？校舎の裏で」



俺と氷室さんは顔を見合わせた。

高橋は昨日、校舎の裏にはいなかった。



「それから田中くん、氷室さんの『氷の能力』の話、面白かったよ」



氷室さんの顔が青くなった。



「高橋を操ってるのは間違いなく渡辺ね」

氷室さんは席を立った。



「行きましょう」



でも、渡辺の方が一枚上手だった。

図書館中の生徒が、一斉にこちらを見た。

みんなぼんやりした目をしている。



「あ、氷室さんと田中くんだ」

「二人とも図書館なんて珍しいね」

「まさか付き合ってるの？」

「氷室さんの氷の能力、すごいんだって？」



同じような言葉が、いろんな生徒の口から出てくる。



俺は背筋が寒くなった。

渡辺は一度に複数の人を操れるのか？



「田中くん、走るわよ」



氷室さんが俺の手を引いた。



俺たちは図書館を飛び出した。

でも、廊下にも「操られた生徒」がいた。



「氷室さんと田中くん、どこ行くの？」

「図書館で何してたの？」

「氷の能力の練習？」



どこまでが幻覚で、どこまでが現実なのか分からない。



「屋上！」



氷室さんが階段を駆け上がった。俺も必死についていく。

屋上に着くと、氷室さんは扉に氷の鍵をかけた。



「はぁ...はぁ...これで少しは安全ね」



「氷室さん、あいつヤバくないですか？あんなにたくさんの人を一度に...」



「そうね。予想以上に強力な能力者だった」

氷室さんは夕日を見つめながら言った。



「でも田中くん、あなたの観察力のおかげで犯人を特定できた。ありがとう」



「いえいえ。でも、これからどうしますか？」



「渡辺を追い詰める。でも今度は作戦を立てましょう」

氷室さんは振り向いて、俺を見つめた。



「一緒に戦ってくれる？」

俺は頷いた。

怖いけど、氷室さんを一人にはできない。



夕日が俺たちを照らしている。

明日は、きっと決戦の日になる。





翌日、俺たちは作戦を実行することにした。



「渡辺の能力には制限があるはず」



朝の職員会議で先生たちがいない隙に、氷室さんが教室で説明してくれた。



「昨日、図書館で一度に複数人を操ったけど、みんな同じことしか言わなかった。つまり、複雑な指示は出せないのよ」



「なるほど」



「それに、あの人数を一度に操るには集中力が必要だから、長時間は続けられないはず」



俺は昨日のことを思い出していた。



「そういえば、渡辺は俺たちの会話をずっと聞いてましたよね。

あれって、聞く作業と幻覚を見せる作業を同時にやってたってことですか？」



「そうね。かなり器用だけど、逆に言えば負担も大きいはず」



氷室さんは時間割を確認した。



「今日の3限目は体育。渡辺は見学組だから、一人で教室にいるはず。そこを狙いましょう」



体育の時間、俺たちは保健室に行くフリをして教室に戻った。



案の通り、渡辺は一人で教室にいた。

机に向かって何かを書いている。



「渡辺くん」



氷室さんが声をかけた。



渡辺が振り向く。

眼鏡の奥の目が、一瞬驚いたような色を見せた。



「氷室さん？体育は？」



「ちょっと具合が悪くて。ところで、昨日は図書館で大変だったわね」



「図書館？何のことですか？」



渡辺はとぼけた。

でもなんとなく俺には分かった。



「とぼけないで。あなたが幻覚を見せていた能力者でしょう？」



氷室さんの手に氷の欠片が現れた。



「え、何を...」



その時、俺の目の前に突然、巨大なドラゴンが現れた。



「うわあああ！」



思わず後ずさりしたけど、氷室さんは冷静だった。



「幻覚よ、田中くん。惑わされないで」



氷室さんが氷の鏡を作った。

鏡には、ドラゴンは映っていない。



「そうか、幻覚だ」



俺はもう一度渡辺を見た。

今度は集中している顔をしている。

眉間にしわが寄って、汗も少しかいている。



「渡辺、お前疲れてるな」



俺が言うと、ドラゴンがちらっと薄くなった。



「やっぱり長時間の集中は無理なんだ」



「黙れ！」



渡辺が叫んだ。

今度は教室全体が燃え始めた。

炎が壁や天井を舐めている。



でも氷室さんが氷の壁を作ると、炎は氷に阻まれて消えた。



「幻覚の炎は、氷を溶かせないのね」



「くっ...」



渡辺はますます焦っていた。

汗が額から流れている。



「なんで君はこんなことをするの？」



氷室さんが聞いた。



「君だって異能力者なんでしょう？仲間じゃない」



「仲間？」



渡辺が笑った。

でもその笑い声には悲しさが混じっていた。



「君は氷を自由に操れるから良いよな。みんなが『綺麗』って言ってくれる能力でさ」



「え？」



「僕の能力は人を騙すことしかできない。誰も褒めてくれない。だから...だから僕は」



渡辺の声が震えていた。



「僕はみんなに認めてもらいたかっただけなんだ」



俺はハッとした。

渡辺の悪戯は、確かにひどいものだったけど、誰も大怪我はしていない。

むしろ、ただ注目を集めたかっただけなのかもしれない。



「でも、人を困らせるのは良くないよ」



俺が言うと、渡辺は項垂れた。



「分かってる...でも、他にどうすれば」



氷室さんが氷の欠片を消した。



「渡辺くん、異能対策委員会に入らない？」



「え？」



「あなたの能力は、使い方によってはとても役に立つの。

悪い異能力者を追い詰めるとき、幻覚で混乱させることができるわ」



渡辺の目が輝いた。



「本当に？僕の能力が役に立つ？」



「もちろんよ。ただし、今度は人を助けるために使うの」



「はい！」



渡辺は立ち上がって、深く頭を下げた。



「すみませんでした。もう悪いことには使いません」



俺も安心した。

結果的に、誰も傷つかずに済んだ。



「じゃあ渡辺、これからはよろしく」



俺が手を差し出すと、渡辺は嬉しそうに握手してくれた。



「これから、よろしく！」



事件から一週間が経った。



渡辺は約束通り、悪戯をやめた。

それどころか、氷室さんと一緒に「異能対策委員会」の活動を手伝っている。



俺も正式にメンバーに加わることになった。

異能力は使えないけど、観察力で事件解決に貢献できるらしい。



「田中くん、お疲れさま」



今日も放課後、氷室さんと一緒に委員会の活動をしていた。



「氷室さんもお疲れさまです」



俺たちは中庭のベンチに座った。

夕日がきれいだ。



「ねえ、田中くん」



「はい？」



「あなたの観察力、本当にすごいのよ。もしかしたら、それも異能力の一種かもしれないわ」



「え、俺が異能力者？」



「可能性はあるわ。普通の人は、あんなに細かいことに気づかない」



そう言えば、昔から人の行動の変化とか、ちょっとした違和感とかによく気づいていた。

まさか、それが異能力だったのだろうか。



「でも確証はないのよね。今は調べる方法もないし」



「それでもいいです。

異能力があってもなくても、俺は氷室さんを手伝いたい」



氷室さんが微笑んだ。



「ありがとう」



その時、渡辺がやってきた。



「氷室さん、田中くん、お疲れさまです！」



「お疲れさま、渡辺くん」



渡辺は最近、すごく生き生きしている。

人を助ける仕事にやりがいを感じているみたいだ。



「そうそう、新しい事件の情報があるんです」



「新しい事件？」



「3年生の間で、『時間が巻き戻る』っていう噂があるんです。

もしかしたら、他の異能力者がいるかもしれません」



俺と氷室さんは顔を見合わせた。



「また忙しくなりそうね」



「でも、今度は三人です。きっと大丈夫ですよ」



渡辺が元気よく言った。



俺は空を見上げた。桜丘学園には、まだまだ秘密がたくさんありそうだ。

でも、氷室さんと渡辺がいれば、どんな事件でも解決できる気がする。



「それじゃあ、明日からまた頑張りましょう」



氷室さんが立ち上がった。



「はい！」



俺たちは一緒に校門を出た。

普通の高校生に見えるけど、実は秘密の組織のメンバー。



なんだか映画みたいだ。



でも一番嬉しいのは、氷室さんと友達になれたことだ。

いや、もしかしたらもう少し特別な関係になれるかもしれない。



「また明日」



氷室さんが手を振った。



「また明日！」



俺も手を振り返した。



新しい日常の始まりだった。そして、きっとこれからも色んな事件が待っている。

でも、俺たちなら大丈夫だ。



桜丘学園の秘密を守るために、俺たちの戦いは続く。
"
2025-09-15 18:10:00,お母さんの手料理レシピを持って異世界に転移したら、なぜか最強の料理人になった件,ハイファンタジー,
2025-09-17 20:10:00,追放された勇者が転生して冒険者ギルドを立ち上げたら、元仲間の転生者が大手ギルドのライバルになった件,異世界[恋愛],
2025-09-19 20:10:00,記憶を封印された私が魔法学園に転校したら、なぜか最強の魔法使いだった件について,ローファンタジー,
2025-10-01 20:10:00,異世界転移のスキルガチャで納得いくまでリセマラしたら、神様にキレられた件,ハイファンタジー,
2025-10-08 19:20:00,3回だけ戻れる俺が、お前を救えなかった理由,現実世界[恋愛],
2025-10-10 19:10:00,女体化して異世界学園に転校したら美少女たちに囲まれて百合ハーレム状態な件,現実世界[恋愛],
2025-10-24 19:10:00,ギルドの受付嬢に転職したら、実は裏で世界最強でした,ハイファンタジー,
2025-10-27 19:10:00,戦力外通告を受けた戦士、無人島でチートスローライフを始めたら英雄になった件,ハイファンタジー,
2025-10-29 19:10:00,悪役令嬢、SNSで世界を救う〜破滅フラグがトレンド入りしてるんですけど!?〜,ローファンタジー,
2025-10-31 18:10:00,世界がゲームみたいに見えるけど、俺だけ攻略本が“バグってる”,空想科学,
2025-11-05 19:10:00,史上最弱の勇者と呼ばれた俺が、RTA走法で異世界記録を塗り替える話,ローファンタジー,
2025-11-07 19:10:00,最弱錬金術師の“再配合”スキルが世界を作り直す件〜ゴミも命も、混ぜれば輝く〜,ハイファンタジー,
2025-11-10 18:14:39,夢の中まで掃除してたら、神様にスカウトされた件。〜異世界でメシもうまいし、床もピカピカです〜,ローファンタジー,
2025-11-12 19:10:00,魂を縫う星の裁縫師〜落ちこぼれスキルで神々の衣を紡ぐ俺、いつの間にか創造神になってた件〜,ハイファンタジー,
2025-11-14 18:10:00,魔王に転生したけど、勇者とは戦いたくないので魔王城をカフェにしちゃいます！,ローファンタジー,
2025-11-17 18:10:00,異世界転生したら女になってて、しかも俺の前世を知ってる幼馴染(男)に溺愛されてる,異世界[恋愛],
2025-11-19 18:10:00,影の魔導具師、追放されたけど子供たちを最強の兵器に育てたら国に土下座された件,ハイファンタジー,
2025-11-26 18:10:00,おじいちゃんの工房道具を持って異世界転移したら、伝説の職人になった件,ヒューマンドラマ,
2025-11-28 18:10:00,成長率0%と追放された俺、世界唯一の“成長奪奪”スキルで気づいたら人類最強になっていた件,ハイファンタジー,
2025-12-01 18:10:00,乙女ゲームに転生したら推しの母親で、悪役令嬢の前世だった件　～気づいたら推しを育てていた～,コメディー,
2025-12-03 18:10:00,死にたくないから全力で攻略対象を嫌がらせして悪役令嬢フラグ全部回避します！…のはずが、王子がどんどん距離を詰めてくる件,異世界[恋愛],
2025-12-05 18:10:00,前世トップアイドルの魂が暴走して、私、陰キャJKから伝説のアイドルに覚醒しちゃいました！？,ヒューマンドラマ,
2025-12-10 18:10:00,悪役王子に転生したら、ヒロイン全員から好感度マイナス100で断罪確定ルートにいた件,異世界[恋愛],
2025-12-15 18:10:00,悪役令嬢ですが、ヒロインに優しくすると死ぬ呪いのせいで仕方なく悪役やってますが本当は優しくなりたいです,ヒューマンドラマ,
2025-12-19 17:53:55,断罪されて追放された悪役令嬢ですが、物語の外で暮らしていたら世界の方から戻ってきてほしいと言われました,異世界[恋愛],
2025-12-24 18:21:50,異世界のヒロイン、実は俺が「前世で描いた黒歴史ノート」のキャラだった。――設定通りに動く彼女たちを、俺の羞恥心(悶絶)が限界突破する前に救いたい,ローファンタジー,
2025-12-26 18:03:45,【朗報】悪役令嬢として処刑された私、なぜか「私を殺した男の娘」として生まれ変わったので復讐します,ヒューマンドラマ,
2026-01-05 18:01:04,VRMMOの魔王討伐中に腹が減ったのでピザを頼んだら、配達員が次元を裂いて世界を救ってしまった件,コメディー,
2026-01-07 18:01:22,無実の罪で断罪されて辺境へ追放された悪役令嬢ですが、無口な近衛騎士が信じて一緒に来てくれたので今度こそ幸せになります,異世界[恋愛],
2026-01-09 18:02:33,「大きくなったら結婚してね」を社交辞令で流したら、本気だった年下王子に詰められています（泣）,異世界[恋愛],
2026-01-16 18:00:00,「可愛げがない」と言われ続けた令嬢ですが、戦場帰りの王子に一生叱ってほしいと求婚されました,異世界[恋愛],
2026-01-19 18:00:00,地味な「モブ王子」と政略結婚した私。初夜、眼鏡を外した夫が完璧すぎて困っています,異世界[恋愛],
2026-01-21 18:00:00,才能がないと捨てられた教え子を育てたら、数年後、世界最強の賢者になって私を迎えに来ました,異世界[恋愛],
2026-01-23 18:00:00,選択肢を間違えると現実で死ぬ恋愛ゲームに巻き込まれた俺は、今日もヤンデレの機嫌を取っている,現実世界[恋愛],
2026-01-26 18:00:00,凶兆の姫と呼ばれて追放されたけれど、拾ってくれたのは龍族の王でした,異世界[恋愛],
2026-01-28 18:02:14,何もしなかった悪役令嬢が、聖女候補の物語を壊してしまった話,異世界[恋愛],
2026-01-30 18:00:00,信仰よりもよく効く水は、聖女の残り湯でした,ハイファンタジー,
2026-02-02 18:00:00,恋愛経験ゼロの「氷の公爵」に、現代の「恋愛シミュレーションゲーム」の攻略本を渡したら、アプローチが極端すぎて死にそうです,異世界[恋愛],
2026-02-04 18:00:00,肌が汚いからと捨てられた悪役令嬢、前世の化粧品研究知識で世界一美しくなり、殿下の後悔が止まりません,異世界[恋愛],
2026-02-06 18:00:00,香りのしない女だと婚約破棄された私ですが、香りで心を操らず“寄り添う”ことを選んだら、氷の王子に溺愛されました,異世界[恋愛],